"artist_name","album_type","album_release_date","album_release_year","album_release_date_precision","danceability","energy","key","loudness","mode","speechiness","acousticness","instrumentalness","liveness","valence","tempo","time_signature","disc_number","duration_ms","explicit","is_local","track_name","track_preview_url","track_number","type","album_name","key_name","mode_name","key_mode"
"Taylor Swift","album","2006-10-24",2006,"day",0.58,0.491,0,-6.462,1,0.0251,0.575,0,0.121,0.425,76.009,4,1,232106,FALSE,FALSE,"Tim McGraw",NA,1,"track","Taylor Swift","C","major","C major"
"Taylor Swift","album","2006-10-24",2006,"day",0.658,0.877,7,-2.098,1,0.0323,0.173,0,0.0962,0.821,105.586,4,1,173066,FALSE,FALSE,"Picture To Burn",NA,2,"track","Taylor Swift","G","major","G major"
"Taylor Swift","album","2006-10-24",2006,"day",0.621,0.417,10,-6.941,1,0.0231,0.288,0,0.119,0.289,99.953,4,1,203040,FALSE,FALSE,"Teardrops On My Guitar - Radio Single Remix",NA,3,"track","Taylor Swift","A#","major","A# major"
"Taylor Swift","album","2006-10-24",2006,"day",0.576,0.777,9,-2.881,1,0.0324,0.051,0,0.32,0.428,115.028,4,1,199200,FALSE,FALSE,"A Place in this World",NA,4,"track","Taylor Swift","A","major","A major"
"Taylor Swift","album","2006-10-24",2006,"day",0.418,0.482,5,-5.769,1,0.0266,0.217,0,0.123,0.261,175.558,4,1,239013,FALSE,FALSE,"Cold As You",NA,5,"track","Taylor Swift","F","major","F major"
"Taylor Swift","album","2006-10-24",2006,"day",0.589,0.805,5,-4.055,1,0.0293,0.00491,0,0.24,0.591,112.982,4,1,207106,FALSE,FALSE,"The Outside",NA,6,"track","Taylor Swift","F","major","F major"
"Taylor Swift","album","2006-10-24",2006,"day",0.479,0.578,2,-4.963,1,0.0294,0.525,0,0.0841,0.192,146.165,4,1,248106,FALSE,FALSE,"Tied Together with a Smile",NA,7,"track","Taylor Swift","D","major","D major"
"Taylor Swift","album","2006-10-24",2006,"day",0.594,0.629,8,-4.919,1,0.0246,0.0868,0,0.137,0.504,131.597,4,1,236053,FALSE,FALSE,"Stay Beautiful",NA,8,"track","Taylor Swift","G#","major","G# major"
"Taylor Swift","album","2006-10-24",2006,"day",0.476,0.777,4,-3.771,0,0.0289,0.0103,0,0.196,0.472,167.964,4,1,242200,FALSE,FALSE,"Should've Said No",NA,9,"track","Taylor Swift","E","minor","E minor"
"Taylor Swift","album","2006-10-24",2006,"day",0.403,0.627,2,-5.28,1,0.0292,0.0177,0,0.182,0.374,74.9,4,1,213080,FALSE,FALSE,"Mary's Song (Oh My My My)",NA,10,"track","Taylor Swift","D","major","D major"
"Taylor Swift","album","2006-10-24",2006,"day",0.668,0.672,2,-4.931,1,0.0303,0.111,0,0.329,0.539,89.011,4,1,201106,FALSE,FALSE,"Our Song",NA,11,"track","Taylor Swift","D","major","D major"
"Taylor Swift","album","2008-11-11",2008,"day",0.598,0.705,5,-4.394,1,0.0275,0.037,0,0.304,0.433,100.019,4,1,242826,FALSE,FALSE,"Fearless",NA,1,"track","Fearless","F","major","F major"
"Taylor Swift","album","2008-11-11",2008,"day",0.56,0.636,7,-4.453,1,0.0262,0.0602,0,0.148,0.209,95.431,4,1,294880,FALSE,FALSE,"Fifteen",NA,2,"track","Fearless","G","major","G major"
"Taylor Swift","album","2008-11-11",2008,"day",0.622,0.637,2,-5.401,1,0.0289,0.021,0.000144,0.189,0.291,119.054,4,1,234213,FALSE,FALSE,"Love Story",NA,3,"track","Fearless","D","major","D major"
"Taylor Swift","album","2008-11-11",2008,"day",0.843,0.555,6,-7.359,1,0.0316,0.177,1.34e-06,0.0977,0.815,116.001,4,1,254826,FALSE,FALSE,"Hey Stephen",NA,4,"track","Fearless","F#","major","F# major"
"Taylor Swift","album","2008-11-11",2008,"day",0.578,0.349,0,-8.025,1,0.0257,0.318,0,0.1,0.247,92.354,4,1,234906,FALSE,FALSE,"White Horse",NA,5,"track","Fearless","C","major","C major"
"Taylor Swift","album","2008-11-11",2008,"day",0.688,0.765,6,-4.451,1,0.0387,0.16,1.78e-05,0.103,0.431,129.967,4,1,231453,FALSE,FALSE,"You Belong With Me",NA,6,"track","Fearless","F#","major","F# major"
"Taylor Swift","album","2008-11-11",2008,"day",0.491,0.479,1,-7.396,1,0.0269,0.395,0,0.122,0.16,148.305,4,1,264373,FALSE,FALSE,"Breathe",NA,7,"track","Fearless","C#","major","C# major"
"Taylor Swift","album","2008-11-11",2008,"day",0.606,0.85,7,-3.057,1,0.038,0.0689,2.96e-06,0.363,0.512,99.978,4,1,200906,FALSE,FALSE,"Tell Me Why",NA,8,"track","Fearless","G","major","G major"
"Taylor Swift","album","2008-11-11",2008,"day",0.467,0.456,6,-4.155,1,0.0271,0.158,0,0.111,0.252,134.059,4,1,262173,FALSE,FALSE,"You're Not Sorry",NA,9,"track","Fearless","F#","major","F# major"
"Taylor Swift","album","2008-11-11",2008,"day",0.433,0.723,5,-3.751,1,0.0352,0.0345,0,0.125,0.406,160.92,4,1,244573,FALSE,FALSE,"The Way I Loved You",NA,10,"track","Fearless","F","major","F major"
"Taylor Swift","album","2008-11-11",2008,"day",0.607,0.826,10,-4.989,1,0.0584,0.0767,0,0.104,0.501,128.048,4,1,225786,FALSE,FALSE,"Forever & Always",NA,11,"track","Fearless","A#","major","A# major"
"Taylor Swift","album","2008-11-11",2008,"day",0.667,0.447,1,-8.572,1,0.0285,0.637,4.65e-06,0.138,0.36,126.189,4,1,245666,FALSE,FALSE,"The Best Day",NA,12,"track","Fearless","C#","major","C# major"
"Taylor Swift","album","2008-11-11",2008,"day",0.536,0.768,5,-4.157,1,0.0361,0.00454,0,0.106,0.237,95.996,4,1,280333,FALSE,FALSE,"Change",NA,13,"track","Fearless","F","major","F major"
"Taylor Swift","album","2010-10-25",2010,"day",0.624,0.757,7,-2.94,1,0.0296,0.00265,1.87e-06,0.189,0.658,121.07,4,1,230706,FALSE,FALSE,"Mine",NA,1,"track","Speak Now","G","major","G major"
"Taylor Swift","album","2010-10-25",2010,"day",0.605,0.787,5,-3.002,1,0.0308,0.0396,1.42e-06,0.163,0.374,114.987,4,1,260933,FALSE,FALSE,"Sparks Fly",NA,2,"track","Speak Now","F","major","F major"
"Taylor Swift","album","2010-10-25",2010,"day",0.529,0.67,2,-4.663,1,0.0303,0.117,0,0.334,0.286,141.893,4,1,293026,FALSE,FALSE,"Back To December",NA,3,"track","Speak Now","D","major","D major"
"Taylor Swift","album","2010-10-25",2010,"day",0.709,0.599,7,-3.734,1,0.0304,0.095,0,0.0973,0.735,118.975,4,1,240760,FALSE,FALSE,"Speak Now",NA,4,"track","Speak Now","G","major","G major"
"Taylor Swift","album","2010-10-25",2010,"day",0.589,0.47,4,-5.32,1,0.028,0.166,1.45e-06,0.112,0.102,119.386,3,1,403920,FALSE,FALSE,"Dear John",NA,5,"track","Speak Now","E","major","E major"
"Taylor Swift","album","2010-10-25",2010,"day",0.568,0.761,4,-3.987,1,0.0459,0.452,0,0.217,0.789,163.974,4,1,237733,FALSE,FALSE,"Mean",NA,6,"track","Speak Now","E","major","E major"
"Taylor Swift","album","2010-10-25",2010,"day",0.543,0.818,4,-3.611,1,0.0398,0.00478,0.000368,0.0357,0.683,139.898,4,1,265666,FALSE,FALSE,"The Story Of Us",NA,7,"track","Speak Now","E","major","E major"
"Taylor Swift","album","2010-10-25",2010,"day",0.714,0.305,2,-8.837,1,0.0305,0.819,0,0.174,0.554,124.91,4,1,290466,FALSE,FALSE,"Never Grow Up",NA,8,"track","Speak Now","D","major","D major"
"Taylor Swift","album","2010-10-25",2010,"day",0.455,0.623,8,-3.878,1,0.0288,0.0739,0.000424,0.146,0.208,163.893,4,1,352186,FALSE,FALSE,"Enchanted",NA,9,"track","Speak Now","G#","major","G# major"
"Taylor Swift","album","2010-10-25",2010,"day",0.516,0.917,11,-3.186,0,0.0827,0.0139,6.37e-06,0.36,0.635,145.821,4,1,217160,FALSE,FALSE,"Better Than Revenge",NA,10,"track","Speak Now","B","minor","B minor"
"Taylor Swift","album","2010-10-25",2010,"day",0.552,0.608,1,-5.29,0,0.0259,0.186,0,0.125,0.17,134.05,4,1,302253,FALSE,FALSE,"Innocent",NA,11,"track","Speak Now","C#","minor","C# minor"
"Taylor Swift","album","2010-10-25",2010,"day",0.436,0.95,5,-2.627,1,0.057,0.0826,1.08e-06,0.149,0.352,162.088,4,1,242080,FALSE,FALSE,"Haunted",NA,12,"track","Speak Now","F","major","F major"
"Taylor Swift","album","2010-10-25",2010,"day",0.371,0.341,10,-9.475,1,0.0319,0.57,3.09e-05,0.101,0.196,89.038,1,1,367133,FALSE,FALSE,"Last Kiss",NA,13,"track","Speak Now","A#","major","A# major"
"Taylor Swift","album","2010-10-25",2010,"day",0.418,0.68,7,-4.3,1,0.0346,0.036,7.59e-05,0.108,0.142,204.125,4,1,317946,FALSE,FALSE,"Long Live",NA,14,"track","Speak Now","G","major","G major"
"Taylor Swift","album","2012-10-22",2012,"day",0.588,0.825,4,-5.882,1,0.0328,0.000197,0.00138,0.0885,0.397,129.968,4,1,295186,FALSE,FALSE,"State Of Grace",NA,1,"track","Red","E","major","E major"
"Taylor Swift","album","2012-10-22",2012,"day",0.602,0.896,1,-4.267,0,0.0437,0.0773,8.87e-05,0.091,0.641,124.978,4,1,220826,FALSE,FALSE,"Red",NA,2,"track","Red","C#","minor","C# minor"
"Taylor Swift","album","2012-10-22",2012,"day",0.705,0.621,2,-8.086,1,0.0334,0.101,4.3e-06,0.147,0.395,109.993,4,1,240773,FALSE,FALSE,"Treacherous",NA,3,"track","Red","D","major","D major"
"Taylor Swift","album","2012-10-22",2012,"day",0.622,0.469,3,-6.798,0,0.0363,0.00454,2.25e-06,0.0398,0.679,77.019,4,1,217973,FALSE,FALSE,"I Knew You Were Trouble.",NA,4,"track","Red","D#","minor","D# minor"
"Taylor Swift","album","2012-10-22",2012,"day",0.602,0.609,0,-7.803,1,0.0243,0.0382,2e-04,0.127,0.337,93.06,4,1,327893,FALSE,FALSE,"All Too Well",NA,5,"track","Red","C","major","C major"
"Taylor Swift","album","2012-10-22",2012,"day",0.658,0.729,7,-6.561,1,0.0378,0.00215,0.0013,0.0752,0.668,104.007,4,1,230133,FALSE,FALSE,"22",NA,6,"track","Red","G","major","G major"
"Taylor Swift","album","2012-10-22",2012,"day",0.567,0.481,4,-7.357,1,0.027,0.0173,4.13e-05,0.182,0.233,145.865,4,1,242573,FALSE,FALSE,"I Almost Do",NA,7,"track","Red","E","major","E major"
"Taylor Swift","album","2012-10-22",2012,"day",0.628,0.676,7,-5.911,1,0.0916,0.00957,2.65e-05,0.102,0.75,85.984,4,1,191880,FALSE,FALSE,"We Are Never Ever Getting Back Together",NA,8,"track","Red","G","major","G major"
"Taylor Swift","album","2012-10-22",2012,"day",0.729,0.748,0,-6.67,1,0.0245,0.307,1.29e-06,0.09,0.928,99.981,4,1,204826,FALSE,FALSE,"Stay Stay Stay",NA,9,"track","Red","C","major","C major"
"Taylor Swift","album","2012-10-22",2012,"day",0.505,0.443,2,-7.039,1,0.0276,0.035,3.15e-06,0.0921,0.123,94.069,4,1,298293,FALSE,FALSE,"The Last Time",NA,10,"track","Red","D","major","D major"
"Taylor Swift","album","2012-10-22",2012,"day",0.627,0.816,4,-6.698,1,0.0774,0.0162,0.00208,0.0966,0.648,157.043,4,1,201853,FALSE,FALSE,"Holy Ground",NA,11,"track","Red","E","major","E major"
"Taylor Swift","album","2012-10-22",2012,"day",0.624,0.34,7,-12.411,1,0.029,0.632,0.0337,0.121,0.261,129.987,3,1,283680,FALSE,FALSE,"Sad Beautiful Tragic",NA,12,"track","Red","G","major","G major"
"Taylor Swift","album","2012-10-22",2012,"day",0.706,0.499,4,-7.675,1,0.0369,0.0371,0,0.132,0.545,117.937,4,1,240133,FALSE,FALSE,"The Lucky One",NA,13,"track","Red","E","major","E major"
"Taylor Swift","album","2012-10-22",2012,"day",0.624,0.458,6,-6.755,1,0.0287,0.36,3.89e-06,0.303,0.436,80.017,4,1,243933,FALSE,FALSE,"Everything Has Changed",NA,14,"track","Red","F#","major","F# major"
"Taylor Swift","album","2012-10-22",2012,"day",0.649,0.777,9,-5.804,1,0.0406,0.0213,0.000335,0.221,0.587,126.018,4,1,217826,FALSE,FALSE,"Starlight",NA,15,"track","Red","A","major","A major"
"Taylor Swift","album","2012-10-22",2012,"day",0.53,0.526,7,-8.349,1,0.0263,0.199,3.52e-06,0.232,0.323,79.025,4,1,237613,FALSE,FALSE,"Begin Again",NA,16,"track","Red","G","major","G major"
"Taylor Swift","album","2014-10-27",2014,"day",0.793,0.634,7,-4.807,1,0.0324,0.038,1.76e-06,0.304,0.615,117.024,4,1,212600,FALSE,FALSE,"Welcome To New York",NA,1,"track","1989","G","major","G major"
"Taylor Swift","album","2014-10-27",2014,"day",0.753,0.678,5,-5.421,1,0.0644,0.085,1.64e-06,0.13,0.583,96.006,4,1,231826,FALSE,FALSE,"Blank Space",NA,2,"track","1989","F","major","F major"
"Taylor Swift","album","2014-10-27",2014,"day",0.598,0.786,2,-5.572,1,0.0383,0.00253,0.0016,0.117,0.456,95.019,4,1,231000,FALSE,FALSE,"Style",NA,3,"track","1989","D","major","D major"
"Taylor Swift","album","2014-10-27",2014,"day",0.552,0.842,7,-6.938,1,0.0373,0.00103,1.17e-05,0.337,0.343,91.991,4,1,235800,FALSE,FALSE,"Out Of The Woods",NA,4,"track","1989","G","major","G major"
"Taylor Swift","album","2014-10-27",2014,"day",0.602,0.736,5,-5.778,1,0.0338,0.00196,4.57e-05,0.105,0.471,96.969,4,1,193293,FALSE,FALSE,"All You Had To Do Was Stay",NA,5,"track","1989","F","major","F major"
"Taylor Swift","album","2014-10-27",2014,"day",0.647,0.785,7,-5.414,1,0.165,0.0561,0,0.148,0.943,160.015,4,1,219200,FALSE,FALSE,"Shake It Off",NA,6,"track","1989","G","major","G major"
"Taylor Swift","album","2014-10-27",2014,"day",0.648,0.898,0,-5.963,1,0.0513,0.016,9.91e-05,0.109,0.502,118.02,4,1,207440,FALSE,FALSE,"I Wish You Would",NA,7,"track","1989","C","major","C major"
"Taylor Swift","album","2014-10-27",2014,"day",0.65,0.802,7,-6.114,1,0.181,0.0871,6.54e-06,0.148,0.295,170.146,4,1,211933,FALSE,FALSE,"Bad Blood",NA,8,"track","1989","G","major","G major"
"Taylor Swift","album","2014-10-27",2014,"day",0.554,0.666,8,-7.414,1,0.0747,0.0702,0.00593,0.106,0.472,140.056,4,1,220440,FALSE,FALSE,"Wildest Dreams",NA,9,"track","1989","G#","major","G# major"
"Taylor Swift","album","2014-10-27",2014,"day",0.764,0.66,5,-6.136,1,0.0494,0.00461,0.00477,0.0915,0.524,119.988,4,1,247533,FALSE,FALSE,"How You Get The Girl",NA,10,"track","1989","F","major","F major"
"Taylor Swift","album","2014-10-27",2014,"day",0.475,0.459,4,-8.768,1,0.0333,0.635,0,0.101,0.0828,143.988,4,1,250093,FALSE,FALSE,"This Love",NA,11,"track","1989","E","major","E major"
"Taylor Swift","album","2014-10-27",2014,"day",0.596,0.763,0,-4.99,1,0.0661,0.231,0,0.2,0.507,159.958,4,1,195706,FALSE,FALSE,"I Know Places",NA,12,"track","1989","C","major","C major"
"Taylor Swift","album","2014-10-27",2014,"day",0.81,0.379,4,-7.771,1,0.0349,0.241,0,0.113,0.22,103.981,4,1,271000,FALSE,FALSE,"Clean",NA,13,"track","1989","E","major","E major"
"Taylor Swift","album","2017-11-10",2017,"day",0.613,0.764,2,-6.509,1,0.136,0.0527,0,0.197,0.417,160.015,4,1,208186,FALSE,FALSE,"...Ready For It?",NA,1,"track","reputation","D","major","D major"
"Taylor Swift","album","2017-11-10",2017,"day",0.649,0.589,2,-6.237,1,0.0558,0.00845,0,0.108,0.151,159.073,4,1,244826,FALSE,FALSE,"End Game",NA,2,"track","reputation","D","major","D major"
"Taylor Swift","album","2017-11-10",2017,"day",0.696,0.602,0,-6.156,0,0.159,0.0679,2.11e-05,0.0696,0.305,82.989,4,1,238253,FALSE,FALSE,"I Did Something Bad",NA,3,"track","reputation","C","minor","C minor"
"Taylor Swift","album","2017-11-10",2017,"day",0.615,0.534,9,-6.719,0,0.0386,0.106,1.76e-05,0.0607,0.193,135.917,4,1,236413,FALSE,FALSE,"Don’t Blame Me",NA,4,"track","reputation","A","minor","A minor"
"Taylor Swift","album","2017-11-10",2017,"day",0.75,0.404,9,-10.178,0,0.0682,0.216,0.000357,0.0911,0.0499,95.045,4,1,232253,FALSE,FALSE,"Delicate",NA,5,"track","reputation","A","minor","A minor"
"Taylor Swift","album","2017-11-10",2017,"day",0.766,0.709,9,-6.471,0,0.123,0.204,1.41e-05,0.126,0.506,128.07,4,1,211853,FALSE,FALSE,"Look What You Made Me Do",NA,6,"track","reputation","A","minor","A minor"
"Taylor Swift","album","2017-11-10",2017,"day",0.574,0.61,2,-7.283,1,0.0732,0.122,1.1e-06,0.13,0.374,74.957,4,1,227906,FALSE,FALSE,"So It Goes...",NA,7,"track","reputation","D","major","D major"
"Taylor Swift","album","2017-11-10",2017,"day",0.8,0.535,7,-6.684,1,0.135,0.0713,9.48e-06,0.213,0.451,92.027,4,1,209680,FALSE,FALSE,"Gorgeous",NA,8,"track","reputation","G","major","G major"
"Taylor Swift","album","2017-11-10",2017,"day",0.562,0.689,2,-6.745,1,0.127,0.00465,2.23e-06,0.0888,0.351,172.054,4,1,233626,FALSE,FALSE,"Getaway Car",NA,9,"track","reputation","D","major","D major"
"Taylor Swift","album","2017-11-10",2017,"day",0.675,0.703,0,-7.902,1,0.0382,0.00882,2.21e-06,0.0391,0.314,110.01,4,1,214320,FALSE,FALSE,"King Of My Heart",NA,10,"track","reputation","C","major","C major"
"Taylor Swift","album","2017-11-10",2017,"day",0.624,0.691,0,-6.686,0,0.196,0.0604,1.1e-05,0.138,0.284,160.024,4,1,211506,FALSE,FALSE,"Dancing With Our Hands Tied",NA,11,"track","reputation","C","minor","C minor"
"Taylor Swift","album","2017-11-10",2017,"day",0.719,0.469,0,-8.792,1,0.0533,0.0329,0,0.169,0.0851,120.085,4,1,230373,FALSE,FALSE,"Dress",NA,12,"track","reputation","C","major","C major"
"Taylor Swift","album","2017-11-10",2017,"day",0.567,0.789,5,-5.986,1,0.115,0.0156,0,0.382,0.438,163.96,4,1,207133,FALSE,FALSE,"This Is Why We Can't Have Nice Things",NA,13,"track","reputation","F","major","F major"
"Taylor Swift","album","2017-11-10",2017,"day",0.598,0.504,9,-9.874,1,0.0731,0.186,0.000221,0.34,0.252,163.954,4,1,203506,FALSE,FALSE,"Call It What You Want",NA,14,"track","reputation","A","major","A major"
"Taylor Swift","album","2017-11-10",2017,"day",0.661,0.151,0,-12.864,1,0.0354,0.921,0,0.13,0.23,94.922,4,1,235466,FALSE,FALSE,"New Year’s Day",NA,15,"track","reputation","C","major","C major"
"Taylor Swift","album","2019-08-23",2019,"day",0.664,0.316,5,-10.345,1,0.519,0.298,2.03e-06,0.0812,0.541,92.875,4,1,170640,FALSE,FALSE,"I Forgot That You Existed",NA,1,"track","Lover","F","major","F major"
"Taylor Swift","album","2019-08-23",2019,"day",0.552,0.702,9,-5.707,1,0.157,0.117,2.06e-05,0.105,0.564,169.994,4,1,178426,FALSE,FALSE,"Cruel Summer",NA,2,"track","Lover","A","major","A major"
"Taylor Swift","album","2019-08-23",2019,"day",0.359,0.543,7,-7.582,1,0.0919,0.492,1.58e-05,0.118,0.453,68.534,4,1,221306,FALSE,FALSE,"Lover",NA,3,"track","Lover","G","major","G major"
"Taylor Swift","album","2019-08-23",2019,"day",0.777,0.658,0,-5.191,1,0.054,0.0767,0,0.0901,0.633,110.048,4,1,190360,FALSE,FALSE,"The Man",NA,4,"track","Lover","C","major","C major"
"Taylor Swift","album","2019-08-23",2019,"day",0.292,0.574,0,-9.375,1,0.0401,0.12,0.00569,0.0663,0.166,124.344,4,1,211240,FALSE,FALSE,"The Archer",NA,5,"track","Lover","C","major","C major"
"Taylor Swift","album","2019-08-23",2019,"day",0.897,0.366,0,-8.029,1,0.0569,0.00889,0.000353,0.0715,0.416,100.003,4,1,173386,FALSE,FALSE,"I Think He Knows",NA,6,"track","Lover","C","major","C major"
"Taylor Swift","album","2019-08-23",2019,"day",0.662,0.747,11,-6.926,0,0.0736,0.028,0.00615,0.138,0.487,150.088,4,1,234146,FALSE,FALSE,"Miss Americana & The Heartbreak Prince",NA,7,"track","Lover","B","minor","B minor"
"Taylor Swift","album","2019-08-23",2019,"day",0.811,0.719,9,-6.553,1,0.0497,0.0129,1.36e-05,0.0742,0.865,103.979,4,1,222400,FALSE,FALSE,"Paper Rings",NA,8,"track","Lover","A","major","A major"
"Taylor Swift","album","2019-08-23",2019,"day",0.824,0.624,0,-9.728,1,0.0827,0.781,0.000189,0.1,0.248,102.012,4,1,287266,FALSE,FALSE,"Cornelia Street",NA,9,"track","Lover","C","major","C major"
"Taylor Swift","album","2019-08-23",2019,"day",0.712,0.732,4,-6.754,1,0.0629,0.454,0,0.319,0.313,94.071,4,1,198533,FALSE,FALSE,"Death By A Thousand Cuts",NA,10,"track","Lover","E","major","E major"
"Taylor Swift","album","2019-08-23",2019,"day",0.695,0.71,1,-6.639,1,0.05,0.0246,0.000104,0.133,0.557,157.925,4,1,190240,FALSE,FALSE,"London Boy",NA,11,"track","Lover","C#","major","C# major"
"Taylor Swift","album","2019-08-23",2019,"day",0.433,0.182,0,-12.566,1,0.0641,0.907,0,0.123,0.421,207.476,4,1,201586,FALSE,FALSE,"Soon You’ll Get Better (feat. The Chicks)",NA,12,"track","Lover","C","major","C major"
"Taylor Swift","album","2019-08-23",2019,"day",0.739,0.32,11,-10.862,0,0.239,0.736,0.000147,0.111,0.351,79.97,4,1,200306,FALSE,FALSE,"False God",NA,13,"track","Lover","B","minor","B minor"
"Taylor Swift","album","2019-08-23",2019,"day",0.771,0.671,2,-5.617,1,0.0553,0.00929,0,0.0637,0.714,85.026,4,1,171360,FALSE,FALSE,"You Need To Calm Down",NA,14,"track","Lover","D","major","D major"
"Taylor Swift","album","2019-08-23",2019,"day",0.756,0.449,9,-8.746,1,0.0344,0.13,0,0.114,0.399,111.011,4,1,223293,FALSE,FALSE,"Afterglow",NA,15,"track","Lover","A","major","A major"
"Taylor Swift","album","2019-08-23",2019,"day",0.61,0.83,0,-4.105,1,0.0571,0.033,0,0.118,0.728,182.162,4,1,193000,FALSE,FALSE,"ME! (feat. Brendon Urie of Panic! At The Disco)",NA,16,"track","Lover","C","major","C major"
"Taylor Swift","album","2019-08-23",2019,"day",0.737,0.175,10,-9.912,1,0.0401,0.971,0.000337,0.171,0.545,70.008,4,1,150440,FALSE,FALSE,"It’s Nice To Have A Friend",NA,17,"track","Lover","A#","major","A# major"
"Taylor Swift","album","2019-08-23",2019,"day",0.557,0.496,0,-9.602,1,0.0563,0.808,0.000173,0.0772,0.265,149.983,4,1,293453,FALSE,FALSE,"Daylight",NA,18,"track","Lover","C","major","C major"
"Taylor Swift","album","2020-07-24",2020,"day",0.765,0.348,0,-6.963,1,0.0579,0.764,1.01e-05,0.108,0.171,140.015,4,1,210251,FALSE,FALSE,"the 1",NA,1,"track","folklore","C","major","C major"
"Taylor Swift","album","2020-07-24",2020,"day",0.613,0.581,0,-8.588,0,0.0424,0.537,0.000345,0.25,0.551,130.033,4,1,239560,FALSE,FALSE,"cardigan",NA,2,"track","folklore","C","minor","C minor"
"Taylor Swift","album","2020-07-24",2020,"day",0.684,0.661,7,-8.507,1,0.0407,0.473,0.00215,0.109,0.713,147.909,4,1,230999,FALSE,FALSE,"the last great american dynasty",NA,3,"track","folklore","G","major","G major"
"Taylor Swift","album","2020-07-24",2020,"day",0.298,0.38,6,-8.426,1,0.0287,0.778,5.62e-05,0.11,0.152,75.602,4,1,285634,FALSE,FALSE,"exile (feat. Bon Iver)",NA,4,"track","folklore","F#","major","F# major"
"Taylor Swift","album","2020-07-24",2020,"day",0.456,0.263,0,-10.63,1,0.0332,0.806,0,0.0749,0.111,129.86,4,1,255893,FALSE,FALSE,"my tears ricochet",NA,5,"track","folklore","C","major","C major"
"Taylor Swift","album","2020-07-24",2020,"day",0.553,0.413,2,-10.037,1,0.0334,0.687,2.33e-06,0.0594,0.379,110.107,4,1,208977,FALSE,FALSE,"mirrorball",NA,6,"track","folklore","D","major","D major"
"Taylor Swift","album","2020-07-24",2020,"day",0.596,0.488,4,-10.769,1,0.0274,0.9,2.7e-05,0.091,0.415,94.926,4,1,208906,FALSE,FALSE,"seven",NA,7,"track","folklore","E","major","E major"
"Taylor Swift","album","2020-07-24",2020,"day",0.532,0.623,5,-9.208,1,0.0331,0.538,7.28e-05,0.0925,0.403,89.937,4,1,261922,FALSE,FALSE,"august",NA,8,"track","folklore","F","major","F major"
"Taylor Swift","album","2020-07-24",2020,"day",0.515,0.476,9,-9.843,1,0.0328,0.314,4.74e-05,0.171,0.412,135.886,4,1,195097,FALSE,FALSE,"this is me trying",NA,9,"track","folklore","A","major","A major"
"Taylor Swift","album","2020-07-24",2020,"day",0.559,0.31,10,-10.445,1,0.0338,0.881,0,0.106,0.46,119.845,4,1,190898,FALSE,FALSE,"illicit affairs",NA,10,"track","folklore","A#","major","A# major"
"Taylor Swift","album","2020-07-24",2020,"day",0.653,0.452,4,-11.143,0,0.055,0.838,7.73e-05,0.108,0.45,83.433,4,1,252880,FALSE,FALSE,"invisible string",NA,11,"track","folklore","E","minor","E minor"
"Taylor Swift","album","2020-07-24",2020,"day",0.596,0.709,5,-8.938,0,0.0431,0.649,9.92e-06,0.114,0.533,141.978,4,1,237258,FALSE,FALSE,"mad woman",NA,12,"track","folklore","F","minor","F minor"
"Taylor Swift","album","2020-07-24",2020,"day",0.354,0.267,1,-13.69,1,0.0281,0.731,0.000402,0.0858,0.113,94.219,4,1,289749,FALSE,FALSE,"epiphany",NA,13,"track","folklore","C#","major","C# major"
"Taylor Swift","album","2020-07-24",2020,"day",0.59,0.379,0,-8.717,1,0.0255,0.544,0,0.0983,0.467,96.029,4,1,294521,FALSE,FALSE,"betty",NA,14,"track","folklore","C","major","C major"
"Taylor Swift","album","2020-07-24",2020,"day",0.651,0.269,5,-12.912,1,0.0983,0.918,2.17e-05,0.0918,0.334,150.033,4,1,234000,FALSE,FALSE,"peace",NA,15,"track","folklore","F","major","F major"
"Taylor Swift","album","2020-07-24",2020,"day",0.662,0.181,8,-15.065,1,0.0415,0.966,3.86e-06,0.133,0.429,118.819,4,1,220042,FALSE,FALSE,"hoax",NA,16,"track","folklore","G#","major","G# major"
"Taylor Swift","album","2020-12-10",2020,"day",0.463,0.248,0,-12.036,1,0.0374,0.92,0,0.113,0.325,171.346,4,1,244000,FALSE,FALSE,"champagne problems",NA,2,"track","evermore","C","major","C major"
"Taylor Swift","album","2020-12-10",2020,"day",0.498,0.471,9,-10.406,1,0.0411,0.811,0.113,0.121,0.351,112.018,4,1,185320,FALSE,FALSE,"gold rush",NA,3,"track","evermore","A","major","A major"
"Taylor Swift","album","2020-12-10",2020,"day",0.373,0.36,9,-10.376,1,0.0387,0.878,1.54e-05,0.079,0.212,147.442,5,1,245440,FALSE,FALSE,"tolerate it",NA,5,"track","evermore","A","major","A major"
"Taylor Swift","album","2020-12-10",2020,"day",0.558,0.331,11,-10.649,1,0.0381,0.861,0,0.113,0.201,122.035,4,1,315146,FALSE,FALSE,"happiness",NA,7,"track","evermore","B","major","B major"
"Taylor Swift","album","2020-12-10",2020,"day",0.329,0.547,2,-9.514,1,0.0397,0.848,1.11e-05,0.088,0.522,86.629,4,1,260440,FALSE,FALSE,"ivy",NA,10,"track","evermore","D","major","D major"
"Taylor Swift","album","2020-12-10",2020,"day",0.605,0.513,0,-8.962,1,0.0337,0.774,0.000177,0.123,0.512,127.986,4,1,275040,FALSE,FALSE,"cowboy like me",NA,11,"track","evermore","C","major","C major"
"Taylor Swift","album","2020-12-11",2020,"day",0.392,0.574,7,-9.195,1,0.17,0.833,0.00179,0.145,0.529,81.112,4,1,214706,FALSE,FALSE,"willow",NA,1,"track","evermore","G","major","G major"
"Taylor Swift","album","2020-12-11",2020,"day",0.575,0.434,5,-8.193,1,0.0312,0.735,6.59e-05,0.105,0.348,145.916,4,1,229840,FALSE,FALSE,"‘tis the damn season",NA,4,"track","evermore","F","major","F major"
"Taylor Swift","album","2020-12-11",2020,"day",0.546,0.613,7,-7.589,0,0.0264,0.418,0,0.103,0.535,79.015,4,1,215626,FALSE,FALSE,"no body, no crime (feat. HAIM)",NA,6,"track","evermore","G","minor","G minor"
"Taylor Swift","album","2020-12-11",2020,"day",0.605,0.488,4,-8.322,1,0.0264,0.696,0,0.129,0.354,119.966,4,1,225880,FALSE,FALSE,"dorothea",NA,8,"track","evermore","E","major","E major"
"Taylor Swift","album","2020-12-11",2020,"day",0.537,0.537,8,-11.266,1,0.0617,0.819,0.000904,0.142,0.292,107.895,4,1,275320,FALSE,FALSE,"coney island (feat. The National)",NA,9,"track","evermore","G#","major","G# major"
"Taylor Swift","album","2020-12-11",2020,"day",0.546,0.73,0,-7.704,1,0.0417,0.66,0.179,0.0972,0.573,157.895,4,1,215920,FALSE,FALSE,"long story short",NA,12,"track","evermore","C","major","C major"
"Taylor Swift","album","2020-12-11",2020,"day",0.535,0.561,5,-11.609,1,0.0484,0.876,0.000136,0.115,0.287,96.103,4,1,257773,FALSE,FALSE,"marjorie",NA,13,"track","evermore","F","major","F major"
"Taylor Swift","album","2020-12-11",2020,"day",0.689,0.704,9,-10.813,1,0.245,0.835,4.83e-06,0.134,0.92,151.884,5,1,180653,FALSE,FALSE,"closure",NA,14,"track","evermore","A","major","A major"
"Taylor Swift","album","2020-12-11",2020,"day",0.39,0.27,1,-10.673,1,0.0308,0.937,0.00227,0.111,0.32,125.177,5,1,304106,FALSE,FALSE,"evermore (feat. Bon Iver)",NA,15,"track","evermore","C#","major","C# major"
"Taylor Swift","album","2022-10-21",2022,"day",0.743,0.463,7,-10.485,0,0.0782,0.253,0.000634,0.164,0.101,96.999,4,1,202395,FALSE,FALSE,"Lavender Haze",NA,1,"track","Midnights","G","minor","G minor"
"Taylor Swift","album","2022-10-21",2022,"day",0.658,0.401,7,-8.377,1,0.0367,0.0547,1.2e-06,0.0927,0.0384,108.049,4,1,218270,FALSE,FALSE,"Maroon",NA,2,"track","Midnights","G","major","G major"
"Taylor Swift","album","2022-10-21",2022,"day",0.637,0.643,4,-6.571,1,0.0519,0.13,1.8e-06,0.142,0.533,97.008,4,1,200690,FALSE,FALSE,"Anti-Hero",NA,3,"track","Midnights","E","major","E major"
"Taylor Swift","album","2022-10-21",2022,"day",0.651,0.322,9,-13.459,1,0.0393,0.664,0.00185,0.139,0.184,109.949,4,1,256124,FALSE,FALSE,"Snow On The Beach (feat. Lana Del Rey)",NA,4,"track","Midnights","A","major","A major"
"Taylor Swift","album","2022-10-21",2022,"day",0.696,0.396,2,-10.289,1,0.0656,0.401,5.2e-06,0.125,0.38,120.041,4,1,194206,FALSE,FALSE,"You're On Your Own, Kid",NA,5,"track","Midnights","D","major","D major"
"Taylor Swift","album","2022-10-21",2022,"day",0.643,0.363,0,-11.738,1,0.0767,0.69,5.17e-05,0.115,0.23,139.865,4,1,174782,FALSE,FALSE,"Midnight Rain",NA,6,"track","Midnights","C","major","C major"
"Taylor Swift","album","2022-10-21",2022,"day",0.73,0.495,7,-8.729,1,0.195,0.205,0,0.274,0.111,108.967,4,1,210556,FALSE,FALSE,"Question...?",NA,7,"track","Midnights","G","major","G major"
"Taylor Swift","album","2022-10-21",2022,"day",0.87,0.284,4,-10.984,0,0.402,0.175,4.06e-05,0.127,0.176,79.975,4,1,164801,FALSE,FALSE,"Vigilante Shit",NA,8,"track","Midnights","E","minor","E minor"
"Taylor Swift","album","2022-10-21",2022,"day",0.696,0.559,7,-9.19,1,0.0693,0.0618,5.58e-05,0.0887,0.433,163.999,4,1,194165,FALSE,FALSE,"Bejeweled",NA,9,"track","Midnights","G","major","G major"
"Taylor Swift","album","2022-10-21",2022,"day",0.406,0.306,0,-15.48,1,0.0517,0.785,0.488,0.122,0.122,110.014,4,1,247962,FALSE,FALSE,"Labyrinth",NA,10,"track","Midnights","C","major","C major"
"Taylor Swift","album","2022-10-21",2022,"day",0.648,0.639,8,-7.052,1,0.065,0.0655,0,0.499,0.102,90.012,4,1,204852,FALSE,FALSE,"Karma",NA,11,"track","Midnights","G#","major","G# major"
"Taylor Swift","album","2022-10-21",2022,"day",0.337,0.156,0,-14.919,1,0.0518,0.964,7.72e-05,0.115,0.39,176.655,4,1,188496,FALSE,FALSE,"Sweet Nothing",NA,12,"track","Midnights","C","major","C major"
"Taylor Swift","album","2022-10-21",2022,"day",0.662,0.357,4,-14.064,1,0.154,0.553,0.00129,0.0837,0.124,125.966,4,1,191039,FALSE,FALSE,"Mastermind",NA,13,"track","Midnights","E","major","E major"
